;Title, http://www.gcdataconcepts.com, x2-2,Kionix KXRB5-2050
;Version, 1102, Build date, Oct  6 2015,  SN:CCDC10023F56AE8
;Start_time, 2018-02-09, 08:21:42.830
;Temperature, -999.00, deg C,  Vbat, 4222, mv
;Gain, high
;SampleRate, 64,Hz
;Deadband, 0, counts
;DeadbandTimeout, 0,sec
;Headers, time,Ax,Ay,Az
0.337310,-20,-190,-13022
0.352935,0,-29,-13081
0.368560,-61,-233,-13244
0.384185,-156,-650,-13211
0.399810,-122,-443,-13285
0.415435,-111,-293,-13372
0.431060,-183,-399,-13240
0.462310,-227,-406,-13213
0.477935,-231,-375,-13267
0.493560,-209,-345,-13281
0.509185,-195,-418,-13315
0.524810,-167,-502,-13329
0.540435,-88,-240,-13124
0.556060,-104,-327,-13120
0.571685,-318,-559,-13540
0.587310,-390,296,-13526
0.602935,-220,423,-13220
0.618560,-17,-92,-12812
0.634185,24,119,-12403
0.649810,16,23,-12669
0.665435,162,-259,-13069
0.681060,126,-381,-13399
0.696685,-83,-434,-13692
0.712310,-136,-333,-13552
0.727935,-90,-175,-13188
0.743560,58,-11,-12663
0.759185,153,-29,-12620
0.774810,-40,-295,-13199
0.790435,-208,-518,-13515
0.806060,-284,-543,-14056
0.821685,-574,-361,-14370
0.837310,-615,-174,-13565
0.852935,-127,178,-12745
0.868560,23,453,-12129
0.884185,-42,-279,-12124
0.899810,228,-408,-12731
0.915435,249,91,-13299
0.931060,76,-484,-13911
0.946685,-61,-638,-13949
0.962310,-320,-268,-13701
0.977935,-295,-134,-13272
0.993560,132,83,-12742
1.009185,28,62,-12622
1.024810,-202,-125,-12828
1.040435,139,-240,-13135
1.056060,23,-331,-13358
1.071685,-206,-300,-13567
1.087188,-138,-181,-13485
1.102813,-272,-127,-13304
1.118438,-224,-92,-13136
1.134063,53,-79,-13026
1.149688,-13,-161,-13049
1.165313,-131,-240,-13147
1.180938,58,-258,-13244
1.196563,10,-215,-13095
1.212188,-61,-100,-13042
1.227813,12,-75,-12978
1.243438,-65,-229,-13179
1.259063,-195,-386,-13774
1.274688,-342,-413,-13892
1.290313,-231,-274,-13590
1.305938,30,-40,-12978
1.321563,-84,192,-12331
1.337188,-192,299,-12365
1.352813,0,-124,-12824
1.368438,-75,-425,-13395
1.384063,-297,-172,-13845
1.399688,-202,-411,-13790
1.415313,-40,-554,-13345
1.430938,66,-327,-12865
1.446563,153,-347,-12717
1.462188,53,-304,-12974
1.477813,-134,-392,-13333
1.493438,-218,-452,-13570
1.509063,-233,-268,-13636
1.524688,-238,-367,-13390
1.540313,-177,-33,-13185
1.555938,-172,-349,-13660
1.571563,-309,-1377,-13640
1.587188,-111,176,-12979
1.602813,76,1082,-12658
1.618438,-113,-25,-12431
1.634063,41,21,-12640
1.649688,78,-65,-13063
1.665313,-134,-481,-13519
1.680938,-67,-468,-13817
1.696563,-145,-404,-13704
1.712188,-274,-231,-13378
1.727813,-81,19,-12917
1.743438,48,103,-12701
1.759063,-92,1,-12779
1.774688,-104,-147,-13133
1.790313,-84,-333,-13428
1.805938,-84,-406,-13561
1.821563,-81,-329,-13588
1.837188,-174,-156,-13178
1.852813,-122,167,-12653
1.868438,1,216,-12576
1.884063,24,-222,-12920
1.899688,-50,-154,-13420
1.915313,-150,8,-13813
1.930938,-181,-463,-13660
1.946563,-149,-497,-13144
1.962188,-129,-202,-12822
1.977813,-136,-149,-12892
1.993438,-136,-275,-13333
2.009063,-115,-454,-13638
2.024688,-50,-420,-13465
2.040313,5,-234,-13126
2.055938,-45,-86,-12951
2.071563,-158,-52,-12970
2.087188,-225,-74,-13072
2.102813,-234,-131,-13213
2.118438,-192,-243,-13360
2.134063,-113,-358,-13449
2.149688,-50,-408,-13433
2.165313,-6,-320,-13206
2.180938,-11,-170,-13003
2.196563,-108,-134,-13117
2.212188,-204,-165,-13294
2.227813,-229,-179,-13315
2.243438,-168,-197,-13204
2.259063,-95,-211,-13153
2.274688,-70,-204,-13151
2.290313,-54,-183,-13060
2.305938,-104,-145,-13135
2.321563,-195,-117,-13269
2.337188,-192,-125,-13204
2.352813,-150,-174,-13201
2.368438,-84,-227,-13245
2.384063,-2,-256,-13194
2.399688,-36,-243,-13161
2.415313,-49,-225,-13119
2.430938,-33,-104,-13063
2.446563,-131,-43,-13103
2.462188,-218,-252,-13203
2.477813,-190,105,-13351
2.493438,-92,-604,-13379
2.509063,-100,-1450,-13276
2.524688,-172,491,-13186
2.540313,-140,783,-12990
2.555938,-56,-400,-12931
2.571563,-47,-58,-13083
2.587188,-88,-102,-13215
2.602813,-86,-322,-13374
2.618438,-93,-256,-13451
2.634063,-100,-238,-13313
2.649688,-49,-161,-13145
2.665313,-65,-88,-13060
2.680938,-108,-72,-12994
2.696563,-49,-115,-13060
2.712188,-81,-190,-13245
2.727813,-124,-265,-13372
2.743438,-75,-272,-13390
2.759063,-122,-217,-13301
2.774688,-113,-133,-13149
2.790313,-47,-68,-13049
2.805938,-108,-81,-13003
2.821563,-95,-133,-13117
2.837188,-54,-195,-13260
2.852813,-109,-259,-13304
2.868438,-100,-284,-13399
2.884063,-97,-243,-13319
2.899688,-95,-165,-13117
2.915313,-52,-100,-13081
2.930938,-92,-95,-13063
2.946563,-113,-147,-13090
2.962188,-54,-202,-13249
2.977813,-90,-245,-13333
2.993438,-115,-245,-13315
3.009063,-90,-204,-13270
3.024688,-124,-143,-13176
3.040313,-108,-86,-13061
3.055938,-61,-102,-13086
3.071563,-106,-159,-13169
3.087188,-115,-186,-13229
3.102813,-72,-213,-13294
3.118438,-86,-231,-13292
3.134063,-100,-193,-13238
3.149688,-95,-136,-13154
3.165313,-95,-113,-13122
3.180938,-83,-133,-13136
3.196563,-59,-161,-13138
3.212188,-81,-184,-13231
3.227813,-97,-220,-13301
3.243438,-75,-213,-13236
3.259063,-92,-170,-13219
3.274688,-124,-158,-13210
3.290313,-111,-149,-13154
3.305938,-72,-150,-13201
3.321563,-84,-167,-13231
3.337188,-93,-175,-13211
3.352813,-50,-190,-13195
3.368438,-79,-183,-13136
3.384063,-86,-152,-13142
3.399688,-67,-152,-13197
3.415313,-109,-175,-13242
3.430938,-124,-186,-13279
3.446563,-122,-179,-13256
3.462188,-90,-170,-13185
3.477813,-63,-163,-13167
3.493438,-88,-165,-13161
3.509063,-79,-168,-13122
3.524688,-58,-170,-13192
3.540313,-99,-188,-13256
3.555938,-124,-190,-13244
3.571563,-111,-184,-13288
3.587188,-106,-175,-13236
3.602813,-54,-150,-13167
3.618438,-63,-158,-13172
3.634063,-97,-165,-13117
3.649688,-27,-143,-13136
3.665313,-63,-152,-13208
3.680938,-124,-192,-13233
3.696563,-90,-211,-13272
3.712188,-138,-188,-13274
3.727813,-113,-161,-13238
3.743438,-15,-150,-13165
3.759063,-104,-127,-13040
3.774688,-58,-102,-12997
3.790313,133,-183,-13015
3.805938,58,-281,-13190
3.821563,-70,-325,-13517
3.837188,-61,-574,-13661
3.852813,-97,-181,-13486
3.868438,-125,435,-13147
3.884063,19,-25,-12953
3.899688,78,-274,-12960
3.915313,-34,-127,-13161
3.930938,-104,-279,-13372
3.946563,-127,-299,-13370
3.962188,-156,-256,-13385
3.977813,-131,-243,-13294
3.993438,-81,-199,-13106
4.009063,-100,-138,-13074
4.024688,-104,-97,-13033
4.040313,-81,-154,-13117
4.055938,-109,-254,-13360
4.071563,-120,-290,-13426
4.087310,-84,-224,-13249
4.102935,-56,-138,-13040
4.118560,-49,-127,-13019
4.134185,-42,-143,-13108
4.149810,-70,-184,-13247
4.165435,-134,-245,-13361
4.181060,-147,-220,-13244
4.196685,-113,-131,-13074
4.212310,-120,-88,-13081
4.227935,-165,-125,-13183
4.243560,-215,-163,-13278
4.259185,-240,-172,-13347
4.274810,-242,-161,-13322
4.290435,-245,-97,-13169
4.306060,-252,1,-13049
4.321685,-290,57,-13044
4.337310,-317,7,-13063
4.352935,-277,-106,-13190
4.368560,-213,-200,-13379
4.384185,-159,-236,-13392
4.399810,-97,-224,-13283
4.415435,-67,-184,-13151
4.431060,-67,-138,-13026
4.446685,-9,-136,-12999
4.462310,14,-184,-13099
4.477935,-2,-265,-13267
4.493560,19,-309,-13360
4.509185,-20,-304,-13367
4.524810,-65,-281,-13288
4.540435,-17,-188,-13131
4.556060,-33,-100,-13045
4.571685,-97,-117,-13060
4.587310,-86,-149,-13108
4.602935,-81,-200,-13215
4.618560,-108,-256,-13340
4.634185,-129,-234,-13336
4.649810,-133,-190,-13274
4.665435,-127,-142,-13190
4.681060,-67,-111,-13086
4.696685,-17,-167,-13076
4.712310,-59,-197,-13161
4.727935,-75,-199,-13244
4.743560,-54,-247,-13265
4.759185,-93,-227,-13279
4.774810,-129,-154,-13258
4.790435,-108,-134,-13158
4.806060,-83,-140,-13113
4.821685,-77,-149,-13167
4.837310,-79,-181,-13190
4.852935,-65,-222,-13229
4.868560,-67,-233,-13283
4.884185,-79,-206,-13245
4.899810,-74,-177,-13186
4.915435,-100,-165,-13190
4.931060,-115,-165,-13161
4.946685,-72,-163,-13142
4.962310,-88,-186,-13211
4.977935,-106,-233,-13238
4.993560,-49,-218,-13236
5.009185,-67,-183,-13233
5.024810,-97,-167,-13178
5.040435,-75,-138,-13149
5.056060,-90,-154,-13176
5.071685,-102,-188,-13185
5.087188,-72,-192,-13215
5.102813,-81,-217,-13253
5.118438,-117,-224,-13228
5.134063,-93,-179,-13186
5.149688,-88,-149,-13144
5.165313,-111,-142,-13140
5.180938,-117,-145,-13178
5.196563,-120,-184,-13204
5.212188,-102,-233,-13253
5.227813,-67,-242,-13294
5.243438,-56,-206,-13261
5.259063,-70,-172,-13172
5.274688,-52,-158,-13072
5.290313,-40,-147,-13026
5.305938,-67,-161,-13117
5.321563,-97,-197,-13274
5.337188,-120,-224,-13331
5.352813,-118,-242,-13299
5.368438,-106,-243,-13238
5.384063,-93,-181,-13126
5.399688,-74,-136,-13065
5.415313,-68,-163,-13160
5.430938,-104,-186,-13199
5.446563,41,-300,-13249
5.462188,296,-445,-13386
5.477813,319,-424,-13228
5.493438,342,-367,-13040
5.509063,374,-383,-13013
5.524688,324,-424,-13044
5.540313,319,-475,-13238
5.555938,267,-534,-13428
5.571563,219,-565,-13467
5.587188,280,-531,-13328
5.602813,351,-484,-13160
5.618438,348,-434,-13026
5.634063,367,-399,-12938
5.649688,374,-442,-13056
5.665313,337,-520,-13245
5.680938,326,-583,-13329
5.696563,282,-615,-13354
5.712188,233,-608,-13329
5.727813,271,-565,-13229
5.743438,319,-493,-13119
5.759063,291,-467,-13061
5.774688,271,-509,-13072
5.790313,310,-570,-13101
5.805938,307,-636,-13222
5.821563,241,-677,-13349
5.837188,192,-675,-13319
5.852813,214,-688,-13270
5.868438,248,-690,-13211
5.884063,299,-656,-13144
5.899688,296,-647,-13138
5.915313,201,-658,-13167
5.930938,258,-684,-13178
5.946563,328,-727,-13128
5.962188,267,-777,-13194
5.977813,235,-824,-13285
5.993438,187,-824,-13228
6.009063,137,-818,-13208
6.024688,142,-868,-13226
6.040313,153,-909,-13190
6.055938,182,-915,-13194
6.071563,142,-924,-13217
6.087188,112,-922,-13203
6.102813,191,-924,-13183
6.118438,160,-936,-13178
6.134063,137,-952,-13176
6.149688,149,-1006,-13176
6.165313,91,-1049,-13228
6.180938,114,-1083,-13204
6.196563,126,-1136,-13165
6.212188,74,-1165,-13179
6.227813,48,-1206,-13186
6.243438,12,-1261,-13217
6.259063,-6,-1270,-13206
6.274688,-13,-1293,-13224
6.290313,5,-1345,-13245
6.305938,24,-1356,-13213
6.321563,-31,-1354,-13199
6.337188,-40,-1382,-13156
6.352813,-34,-1422,-13117
6.368438,-54,-1461,-13142
6.384063,-58,-1497,-13156
6.399688,-127,-1536,-13179
6.415313,-174,-1590,-13244
6.430938,-188,-1659,-13272
6.446563,-202,-1709,-13256
6.462188,-186,-1727,-13217
6.477813,-215,-1752,-13163
6.493438,-220,-1806,-13135
6.509063,-222,-1847,-13135
6.524688,-267,-1888,-13149
6.540313,-308,-1941,-13185
6.555938,-354,-1973,-13206
6.571563,-390,-2015,-13213
6.587188,-436,-2063,-13192
6.602813,-459,-2104,-13217
6.618438,-452,-2145,-13256
6.634063,-493,-2181,-13217
6.649688,-517,-2232,-13210
6.665313,-518,-2279,-13167
6.680938,-577,-2302,-13106
6.696563,-627,-2357,-13101
6.712188,-663,-2438,-13140
6.727813,-704,-2518,-13228
6.743438,-720,-2616,-13220
6.759063,-763,-2689,-13276
6.774688,-777,-2704,-13326
6.790313,-809,-2722,-13208
6.805938,-861,-2754,-13147
6.821563,-868,-2784,-13085
6.837188,-936,-2859,-12967
6.852813,-1000,-2972,-13054
6.868438,-1038,-3080,-13220
6.884063,-1136,-3200,-13260
6.899688,-1224,-3286,-13365
6.915313,-1295,-3302,-13367
6.930938,-1341,-3314,-13176
6.946563,-1313,-3343,-13140
6.962188,-1313,-3400,-13111
6.977813,-1393,-3513,-13038
6.993438,-1427,-3661,-13142
7.009063,-1454,-3775,-13197
7.024688,-1579,-3830,-13185
7.040313,-1675,-3941,-13210
7.055938,-1738,-4036,-13185
7.071563,-1820,-4125,-13208
7.087310,-1947,-4209,-13213
7.102935,-2054,-4246,-13161
7.118560,-2036,-4412,-13201
7.134185,-2077,-4504,-13222
7.149810,-2223,-4586,-13088
7.165435,-2313,-4709,-13145
7.181060,-2302,-4773,-13240
7.196685,-2522,-4902,-13001
7.212310,-2750,-4920,-13061
7.227935,-2648,-4962,-13390
7.243560,-2725,-5102,-13263
7.259185,-2766,-5227,-13101
7.274810,-2907,-5370,-13083
7.290435,-3105,-5430,-13126
7.306060,-2873,-5539,-13242
7.321685,-3014,-5734,-13085
7.337310,-3280,-5793,-13040
7.352935,-3220,-5882,-13060
7.368560,-3391,-6057,-13101
7.384185,-3502,-6102,-13215
7.399810,-3525,-6191,-13104
7.415435,-3693,-6271,-13320
7.431060,-3711,-6296,-13319
7.446685,-3736,-6535,-12933
7.462310,-3884,-6646,-13115
7.477935,-3946,-6616,-13247
7.493560,-3993,-6796,-13185
7.509185,-4082,-6946,-13228
7.524810,-4075,-7030,-13144
7.540435,-4095,-7144,-13120
7.556060,-4230,-7226,-13122
7.571685,-4239,-7326,-13128
7.587310,-4273,-7428,-13083
7.602935,-4400,-7530,-13072
7.618560,-4429,-7666,-13169
7.634185,-4516,-7739,-13153
7.649810,-4609,-7819,-13172
7.665435,-4634,-7964,-13203
7.681060,-4650,-8046,-13163
7.696685,-4684,-8100,-13144
7.712310,-4784,-8153,-13111
7.727935,-4825,-8228,-13101
7.743560,-4902,-8323,-13051
7.759185,-4989,-8378,-13076
7.774810,-4977,-8473,-13161
7.790435,-5059,-8587,-13138
7.806060,-5130,-8662,-13186
7.821685,-5152,-8744,-13195
7.837310,-5266,-8808,-13079
7.852935,-5289,-8864,-13124
7.868560,-5296,-8917,-13154
7.884185,-5430,-8964,-13026
7.899810,-5503,-9030,-13065
7.915435,-5530,-9103,-13178
7.931060,-5632,-9167,-13140
7.946685,-5725,-9199,-13156
7.962310,-5759,-9226,-13188
7.977935,-5832,-9294,-13070
7.993560,-5918,-9335,-13019
8.009185,-5946,-9373,-13069
8.024810,-6019,-9464,-13083
8.040435,-6094,-9546,-13136
8.056060,-6150,-9599,-13206
8.071685,-6227,-9640,-13172
8.087188,-6285,-9660,-13092
8.102813,-6339,-9678,-13074
8.118438,-6389,-9737,-13056
8.134063,-6455,-9824,-13036
8.149688,-6496,-9912,-13090
8.165313,-6530,-9999,-13124
8.180938,-6598,-10067,-13099
8.196563,-6684,-10110,-13079
8.212188,-6775,-10151,-13053
8.227813,-6809,-10205,-13036
8.243438,-6825,-10267,-13036
8.259063,-6868,-10340,-13069
8.274688,-6900,-10415,-13088
8.290313,-6943,-10490,-13065
8.305938,-7010,-10562,-13086
8.321563,-7069,-10612,-13119
8.337188,-7148,-10656,-13111
8.352813,-7219,-10687,-13147
8.368438,-7244,-10719,-13186
8.384063,-7255,-10755,-13088
8.399688,-7216,-10771,-13047
8.415313,-7191,-10812,-13101
8.430938,-7223,-10872,-13045
8.446563,-7203,-10905,-13022
8.462188,-7232,-10931,-13053
8.477813,-7268,-10981,-13049
8.493438,-7219,-11012,-13074
8.509063,-7271,-11024,-13135
8.524688,-7305,-11060,-13145
8.540313,-7278,-11080,-13101
8.555938,-7305,-11064,-13120
8.571563,-7294,-11067,-13106
8.587188,-7318,-11062,-13022
8.602813,-7325,-11030,-13015
8.618438,-7262,-11042,-13040
8.634063,-7271,-11062,-13051
8.649688,-7280,-11067,-13074
8.665313,-7291,-11060,-13113
8.680938,-7309,-11049,-13110
8.696563,-7312,-11055,-13078
8.712188,-7350,-11030,-13101
8.727813,-7335,-11024,-13110
8.743438,-7330,-11064,-13067
8.759063,-7368,-11035,-13083
8.774688,-7339,-11014,-13115
8.790313,-7378,-11039,-13069
8.805938,-7459,-11006,-13074
8.821563,-7459,-10980,-13051
8.837188,-7484,-11001,-13029
8.852813,-7523,-11028,-13110
8.868438,-7550,-11044,-13133
8.884063,-7578,-11064,-13156
8.899688,-7576,-11085,-13178
8.915313,-7576,-11088,-13092
8.930938,-7626,-11080,-13019
8.946563,-7650,-11074,-13019
8.962188,-7623,-11092,-12978
8.977813,-7648,-11137,-12988
8.993438,-7662,-11188,-13036
9.009063,-7655,-11242,-13063
9.024688,-7698,-11290,-13106
9.040313,-7739,-11330,-13065
9.055938,-7755,-11365,-13042
9.071563,-7800,-11396,-13092
9.087188,-7855,-11422,-13094
9.102813,-7885,-11433,-13149
9.118438,-7910,-11433,-13215
9.134063,-7912,-11431,-13120
9.149688,-7884,-11437,-13070
9.165313,-7855,-11449,-13079
9.180938,-7809,-11467,-12983
9.196563,-7796,-11503,-12981
9.212188,-7821,-11544,-13067
9.227813,-7776,-11574,-13065
9.243438,-7771,-11588,-13094
9.259063,-7817,-11583,-13131
9.274688,-7801,-11571,-13079
9.290313,-7785,-11553,-13054
9.305938,-7769,-11547,-13047
9.321563,-7764,-11528,-13028
9.337188,-7755,-11526,-13060
9.352813,-7721,-11551,-13083
9.368438,-7698,-11531,-13119
9.384063,-7689,-11499,-13094
9.399688,-7694,-11497,-13031
9.415313,-7655,-11467,-13078
9.430938,-7644,-11438,-13040
9.446563,-7678,-11435,-12999
9.462188,-7644,-11417,-13101
9.477813,-7632,-11421,-13117
9.493438,-7669,-11433,-13094
9.509063,-7662,-11397,-13156
9.524688,-7669,-11365,-13108
9.540313,-7719,-11322,-13001
9.555938,-7703,-11269,-13053
9.571563,-7684,-11274,-13042
9.587188,-7725,-11283,-12976
9.602813,-7734,-11294,-13133
9.618438,-7748,-11326,-13199
9.634063,-7791,-11319,-13124
9.649688,-7823,-11285,-13156
9.665313,-7826,-11265,-13120
9.680938,-7798,-11260,-13019
9.696563,-7800,-11267,-13006
9.712188,-7794,-11303,-13040
9.727813,-7812,-11349,-13024
9.743438,-7825,-11388,-13029
9.759063,-7801,-11424,-13065
9.774688,-7859,-11433,-13022
9.790313,-7912,-11446,-12981
9.805938,-7907,-11485,-13026
9.821563,-7930,-11526,-13061
9.837188,-7969,-11574,-13078
9.852813,-8010,-11624,-13199
9.868438,-8058,-11626,-13251
9.884063,-8089,-11585,-13158
9.899688,-8069,-11565,-13110
9.915313,-8003,-11558,-13031
9.930938,-7941,-11558,-12953
9.946563,-7921,-11605,-13006
9.962188,-7921,-11658,-13051
9.977813,-7892,-11699,-13056
9.993438,-7862,-11731,-13092
10.009063,-7892,-11717,-13131
10.024688,-7923,-11671,-13086
10.040313,-7905,-11649,-13036
10.055938,-7900,-11649,-13115
10.071563,-7873,-11637,-13106
10.087188,-7812,-11608,-13045
10.102813,-7776,-11613,-13095
10.118438,-7778,-11624,-13053
10.134063,-7755,-11581,-13006
10.149688,-7734,-11574,-13042
10.165313,-7742,-11576,-13038
10.180938,-7716,-11546,-13054
10.196563,-7712,-11531,-13083
10.212188,-7726,-11494,-13124
10.227813,-7734,-11469,-13117
10.243438,-7757,-11458,-13067
10.259063,-7730,-11422,-13120
10.274688,-7698,-11410,-13078
10.290313,-7746,-11405,-12994
10.305938,-7744,-11390,-13076
10.321563,-7685,-11381,-13088
10.337188,-7742,-11353,-13035
10.352813,-7796,-11346,-13092
10.368438,-7778,-11349,-13113
10.384063,-7821,-11331,-13081
10.399688,-7859,-11333,-13119
10.415313,-7853,-11337,-13129
10.430938,-7857,-11337,-13045
10.446563,-7834,-11340,-13031
10.462188,-7848,-11351,-13069
10.477813,-7867,-11362,-13008
10.493438,-7841,-11372,-13017
10.509063,-7866,-11408,-13058
10.524688,-7882,-11442,-13003
10.540313,-7892,-11463,-13001
10.555938,-7948,-11515,-13053
10.571563,-7957,-11558,-13051
10.587188,-7962,-11563,-13049
10.602813,-8005,-11597,-13140
10.618438,-8041,-11637,-13172
10.634063,-8080,-11615,-13147
10.649688,-8092,-11599,-13174
10.665313,-8053,-11606,-13099
10.680938,-8003,-11597,-13022
10.696563,-7957,-11621,-13040
10.712188,-7928,-11656,-13004
10.727813,-7925,-11678,-13010
10.743438,-7901,-11717,-13076
10.759063,-7905,-11721,-13078
10.774688,-7923,-11694,-13072
10.790313,-7921,-11694,-13092
10.805938,-7912,-11701,-13120
10.821563,-7882,-11681,-13119
10.837188,-7875,-11640,-13081
10.852813,-7825,-11628,-13079
10.868438,-7757,-11610,-13035
10.884063,-7778,-11571,-12979
10.899688,-7734,-11580,-13044
10.915313,-7703,-11580,-13063
10.930938,-7737,-11567,-13051
10.946563,-7723,-11580,-13115
10.962188,-7723,-11544,-13111
10.977813,-7728,-11501,-13038
10.993438,-7717,-11485,-13053
11.009063,-7717,-11451,-13115
11.024688,-7742,-11437,-13072
11.040313,-7760,-11433,-13053
11.055938,-7730,-11396,-13138
11.071563,-7735,-11371,-13069
11.087188,-7784,-11362,-12994
11.102813,-7766,-11367,-13110
11.118438,-7769,-11371,-13081
11.134063,-7834,-11340,-13063
11.149688,-7864,-11328,-13172
11.165313,-7851,-11351,-13129
11.180938,-7846,-11355,-13088
11.196563,-7844,-11324,-13095
11.212188,-7846,-11340,-13040
11.227813,-7876,-11369,-12974
11.243438,-7848,-11367,-12986
11.259063,-7860,-11396,-13040
11.274688,-7912,-11419,-13024
11.290313,-7901,-11453,-13051
11.305938,-7937,-11515,-13097
11.321563,-7971,-11542,-13063
11.337188,-7989,-11556,-13047
11.352813,-8016,-11574,-13108
11.368438,-8026,-11576,-13129
11.384063,-8051,-11583,-13117
11.399688,-8062,-11606,-13142
11.415313,-8033,-11617,-13101
11.430938,-7985,-11621,-13033
11.446563,-7985,-11622,-13015
11.462188,-7982,-11644,-13006
11.477813,-7921,-11680,-13008
11.493438,-7905,-11697,-13051
11.509063,-7923,-11708,-13090
11.524688,-7919,-11710,-13074
11.540313,-7932,-11692,-13088
11.555938,-7923,-11672,-13099
11.571563,-7882,-11662,-13067
11.587188,-7880,-11651,-13081
11.602813,-7878,-11649,-13108
11.618438,-7801,-11646,-13078
11.634063,-7778,-11596,-13028
11.649688,-7796,-11555,-13036
11.665313,-7730,-11560,-13047
11.680938,-7716,-11556,-13003
11.696563,-7737,-11546,-13051
11.712188,-7712,-11538,-13090
11.727813,-7730,-11522,-13029
11.743438,-7737,-11496,-13117
11.759063,-7696,-11474,-13147
11.774688,-7750,-11463,-13020
11.790313,-7775,-11419,-13090
11.805938,-7716,-11394,-13120
11.821563,-7751,-11403,-12981
11.837188,-7776,-11358,-13026
11.852813,-7735,-11346,-13104
11.868438,-7769,-11369,-13065
11.884063,-7819,-11355,-13094
11.899688,-7851,-11347,-13156
11.915313,-7885,-11322,-13135
11.930938,-7857,-11303,-13103
11.946563,-7826,-11321,-13085
11.962188,-7853,-11322,-13029
11.977813,-7837,-11344,-12978
11.993438,-7819,-11371,-12992
12.009063,-7871,-11367,-13036
12.024688,-7896,-11397,-13010
12.040313,-7884,-11447,-13004
12.055938,-7914,-11472,-13086
12.071563,-7969,-11497,-13079
12.087188,-8012,-11531,-13038
12.102813,-8028,-11555,-13110
12.118438,-8021,-11569,-13133
12.134063,-8033,-11585,-13090
12.149688,-8046,-11588,-13120
12.165313,-8046,-11581,-13110
12.180938,-8016,-11587,-13026
12.196563,-7969,-11605,-13008
12.212188,-7973,-11644,-13038
12.227813,-7959,-11681,-13033
12.243438,-7919,-11692,-13033
12.259063,-7930,-11706,-13060
12.274688,-7912,-11704,-13058
12.290313,-7896,-11699,-13040
12.305938,-7921,-11706,-13081
12.321563,-7905,-11681,-13072
12.337188,-7876,-11674,-13047
12.352813,-7857,-11696,-13120
12.368438,-7839,-11680,-13106
12.384063,-7823,-11637,-13056
12.399688,-7801,-11603,-13065
12.415313,-7785,-11576,-13017
12.430938,-7769,-11567,-13004
12.446563,-7710,-11569,-13078
12.462188,-7694,-11562,-13090
12.477813,-7735,-11558,-13049
12.493438,-7694,-11542,-13104
12.509063,-7709,-11499,-13113
12.524688,-7787,-11471,-13036
12.540313,-7759,-11456,-13094
12.555938,-7725,-11424,-13090
12.571563,-7776,-11410,-13013
12.587188,-7769,-11397,-13078
12.602813,-7744,-11374,-13085
12.618438,-7791,-11371,-13028
12.634063,-7809,-11356,-13065
12.649688,-7855,-11340,-13119
12.665313,-7910,-11337,-13101
12.680938,-7889,-11340,-13126
12.696563,-7853,-11344,-13165
12.712188,-7851,-11342,-13076
12.727813,-7839,-11363,-13006
12.743438,-7816,-11369,-13003
12.759063,-7851,-11358,-12983
12.774688,-7884,-11401,-12956
12.790313,-7892,-11447,-13026
12.805938,-7917,-11472,-13099
12.821563,-7934,-11524,-13054
12.837188,-7967,-11549,-13103
12.852813,-8000,-11558,-13145
12.868438,-7991,-11580,-13079
12.884063,-8008,-11587,-13092
12.899688,-8075,-11594,-13124
12.915313,-8075,-11594,-13090
12.930938,-8019,-11599,-13072
12.946563,-8005,-11624,-13076
12.962188,-7980,-11646,-13067
12.977813,-7934,-11674,-13049
12.993438,-7921,-11701,-13038
13.009063,-7934,-11699,-13031
13.024688,-7930,-11683,-13013
13.040313,-7914,-11694,-13026
13.055938,-7925,-11701,-13076
13.071563,-7910,-11694,-13070
13.087188,-7871,-11699,-13056
13.102813,-7864,-11708,-13120
13.118438,-7842,-11685,-13104
13.134063,-7830,-11631,-13061
13.149688,-7834,-11615,-13103
13.165313,-7792,-11601,-13029
13.180938,-7773,-11571,-12992
13.196563,-7746,-11574,-13067
13.212188,-7698,-11562,-13054
13.227813,-7723,-11562,-13045
13.243438,-7710,-11546,-13095
13.259063,-7682,-11505,-13088
13.274688,-7728,-11501,-13028
13.290313,-7744,-11462,-13076
13.305938,-7723,-11428,-13129
13.321563,-7757,-11428,-13029
13.337188,-7787,-11392,-13013
13.352813,-7744,-11380,-13076
13.368438,-7759,-11385,-13011
13.384063,-7805,-11363,-13010
13.399688,-7803,-11346,-13119
13.415313,-7864,-11333,-13115
13.430938,-7909,-11326,-13101
13.446563,-7921,-11331,-13181
13.462188,-7905,-11335,-13142
13.477813,-7846,-11356,-13045
13.493438,-7851,-11380,-13024
13.509063,-7876,-11367,-12963
13.524688,-7864,-11376,-12917
13.540313,-7880,-11415,-12988
13.555938,-7912,-11456,-13067
13.571563,-7914,-11496,-13054
13.587188,-7964,-11517,-13113
13.602813,-8026,-11556,-13167
13.618438,-8008,-11592,-13086
13.634063,-8007,-11580,-13065
13.649688,-8037,-11572,-13092
13.665313,-8042,-11588,-13058
13.680938,-8021,-11608,-13051
13.696563,-8007,-11617,-13092
13.712188,-8005,-11633,-13085
13.727813,-7960,-11676,-13053
13.743438,-7923,-11708,-13065
13.759063,-7941,-11703,-13044
13.774688,-7932,-11685,-13008
13.790313,-7894,-11694,-13031
13.805938,-7901,-11704,-13061
13.821563,-7919,-11690,-13051
13.837188,-7894,-11703,-13065
13.852813,-7871,-11715,-13133
13.868438,-7871,-11690,-13101
13.884063,-7828,-11665,-13063
13.899688,-7821,-11646,-13069
13.915313,-7816,-11615,-13045
13.930938,-7762,-11590,-13036
13.946563,-7778,-11569,-13042
13.962188,-7742,-11562,-13090
13.977813,-7707,-11581,-13083
13.993438,-7735,-11583,-13051
14.009063,-7710,-11537,-13129
14.024688,-7717,-11494,-13085
14.040313,-7748,-11471,-13006
14.055938,-7714,-11442,-13122
14.071563,-7719,-11426,-13086
14.087188,-7784,-11415,-13017
14.102813,-7751,-11403,-13106
14.118438,-7742,-11390,-13058
14.134063,-7800,-11369,-12999
14.149688,-7776,-11355,-13065
14.165313,-7812,-11338,-13085
14.180938,-7891,-11328,-13106
14.196563,-7914,-11338,-13179
14.212188,-7880,-11349,-13158
14.227813,-7819,-11362,-13088
14.243438,-7842,-11365,-13042
14.259063,-7884,-11351,-12976
14.274688,-7864,-11356,-12935
14.290313,-7873,-11388,-12954
14.305938,-7914,-11440,-13020
14.321563,-7909,-11476,-13058
14.337188,-7941,-11508,-13110
14.352813,-8021,-11563,-13165
14.368438,-8028,-11596,-13111
14.384063,-8041,-11583,-13101
14.399688,-8075,-11563,-13086
14.415313,-8048,-11565,-13035
14.430938,-8026,-11576,-13072
14.446563,-8026,-11588,-13074
14.462188,-8003,-11615,-13051
14.477813,-7969,-11669,-13083
14.493438,-7964,-11706,-13090
14.509063,-7973,-11704,-13058
14.524688,-7950,-11694,-13028
14.540313,-7925,-11696,-13036
14.555938,-7926,-11694,-13054
14.571563,-7921,-11690,-13029
14.587188,-7907,-11706,-13060
14.602813,-7880,-11719,-13108
14.618438,-7851,-11713,-13069
14.634063,-7866,-11692,-13069
14.649688,-7842,-11662,-13104
14.665313,-7810,-11640,-13053
14.680938,-7805,-11608,-13026
14.696563,-7775,-11590,-13078
14.712188,-7759,-11581,-13049
14.727813,-7734,-11574,-13029
14.743438,-7716,-11571,-13104
14.759063,-7714,-11544,-13099
14.774688,-7732,-11528,-13042
14.790313,-7750,-11508,-13072
14.805938,-7712,-11481,-13111
14.821563,-7730,-11474,-13051
14.837188,-7775,-11442,-13042
14.852813,-7710,-11419,-13101
14.868438,-7714,-11421,-13017
14.884063,-7801,-11390,-12997
14.899688,-7773,-11362,-13083
14.915313,-7800,-11360,-13072
14.930938,-7903,-11340,-13086
14.946563,-7910,-11337,-13181
14.962188,-7916,-11360,-13176
14.977813,-7878,-11365,-13103
14.993438,-7789,-11387,-13086
15.009063,-7834,-11387,-13022
15.024688,-7900,-11355,-12963
15.040313,-7878,-11380,-12954
15.055938,-7894,-11431,-13001
15.071563,-7921,-11458,-13033
15.087188,-7926,-11494,-13026
15.102813,-7975,-11531,-13119
15.118438,-8019,-11544,-13119
15.134063,-8025,-11578,-13056
15.149688,-8041,-11610,-13108
15.165313,-8060,-11601,-13108
15.180938,-8066,-11601,-13110
15.196563,-8064,-11615,-13140
15.212188,-8026,-11617,-13058
15.227813,-7969,-11640,-13008
15.243438,-7937,-11678,-13058
15.259063,-7950,-11678,-13049
15.274688,-7964,-11685,-13026
15.290313,-7941,-11706,-13031
15.305938,-7928,-11722,-13040
15.321563,-7930,-11731,-13081
15.337188,-7912,-11724,-13104
15.352813,-7907,-11724,-13129
15.368438,-7903,-11719,-13097
15.384063,-7884,-11690,-13058
15.399688,-7862,-11658,-13101
15.415313,-7826,-11637,-13042
15.430938,-7807,-11624,-13017
15.446563,-7784,-11613,-13088
15.462188,-7759,-11596,-13067
15.477813,-7732,-11585,-13076
15.493438,-7709,-11578,-13110
15.509063,-7742,-11558,-13036
15.524688,-7771,-11547,-13011
15.540313,-7732,-11535,-13083
15.555938,-7712,-11496,-13104
15.571563,-7739,-11451,-13086
15.587188,-7755,-11437,-13081
15.602813,-7742,-11437,-13058
15.618438,-7730,-11415,-13042
15.634063,-7760,-11380,-13054
15.649688,-7828,-11356,-13031
15.665313,-7823,-11349,-13036
15.680938,-7809,-11355,-13072
15.696563,-7871,-11363,-13122
15.712188,-7907,-11362,-13174
15.727813,-7910,-11376,-13144
15.743438,-7887,-11396,-13119
15.759063,-7873,-11378,-13054
15.774688,-7859,-11363,-12985
15.790313,-7841,-11374,-13004
15.805938,-7901,-11397,-12990
15.821563,-7939,-11442,-12981
15.837188,-7926,-11485,-13053
15.852813,-7944,-11524,-13124
15.868438,-7969,-11551,-13133
15.884063,-8046,-11524,-13108
15.899688,-8219,-11422,-13058
15.915313,-8317,-11306,-13044
15.930938,-8266,-11267,-13120
15.946563,-8175,-11228,-13188
15.962188,-8091,-11146,-13167
15.977813,-7991,-11113,-13094
15.993438,-7898,-11083,-13015
16.009063,-7855,-11006,-12967
16.024688,-7807,-10935,-12979
16.040313,-7784,-10881,-13010
16.055938,-7766,-10853,-13036
16.071563,-7687,-10814,-13072
16.087310,-7642,-10765,-13138
16.102935,-7601,-10712,-13178
16.118560,-7505,-10617,-13126
16.134185,-7448,-10510,-13103
16.149810,-7382,-10410,-13070
16.165435,-7271,-10299,-13028
16.181060,-7239,-10205,-13029
16.196685,-7214,-10146,-13044
16.212310,-7112,-10083,-13070
16.227935,-7051,-10024,-13079
16.243560,-6980,-9955,-13131
16.259185,-6901,-9856,-13144
16.274810,-6921,-9787,-13042
16.290435,-6891,-9726,-13060
16.306060,-6789,-9651,-13151
16.321685,-6759,-9571,-13122
16.337310,-6723,-9469,-13135
16.352935,-6643,-9380,-13174
16.368560,-6643,-9303,-13047
16.384185,-6659,-9201,-12979
16.399810,-6562,-9112,-13076
16.415435,-6544,-9057,-13029
16.431060,-6578,-9012,-13047
16.446685,-6512,-8964,-13219
16.462310,-6507,-8901,-13181
16.477935,-6519,-8826,-13153
16.493560,-6466,-8733,-13242
16.509185,-6393,-8628,-13135
16.524810,-6359,-8550,-13020
16.540435,-6296,-8494,-13053
16.556060,-6205,-8464,-13036
16.571685,-6228,-8442,-13019
16.587310,-6235,-8410,-13054
16.602935,-6191,-8410,-13103
16.618560,-6155,-8392,-13111
16.634185,-6143,-8321,-13104
16.649810,-6162,-8283,-13138
16.665435,-6153,-8258,-13104
16.681060,-6123,-8221,-13085
16.696685,-6087,-8180,-13153
16.712310,-6053,-8119,-13154
16.727935,-6002,-8057,-13126
16.743560,-5969,-7998,-13138
16.759185,-5977,-7959,-13079
16.774810,-5932,-7932,-13049
16.790435,-5875,-7894,-13138
16.806060,-5836,-7875,-13156
16.821685,-5739,-7857,-13119
16.837310,-5671,-7832,-13144
16.852935,-5646,-7814,-13129
16.868560,-5580,-7748,-13088
16.884185,-5546,-7651,-13090
16.899810,-5511,-7600,-13067
16.915435,-5427,-7571,-13045
16.931060,-5407,-7546,-13099
16.946685,-5373,-7519,-13138
16.962310,-5316,-7475,-13144
16.977935,-5300,-7444,-13153
16.993560,-5227,-7394,-13163
17.009185,-5161,-7307,-13156
17.024810,-5127,-7237,-13110
17.040435,-5093,-7176,-13108
17.056060,-5059,-7089,-13110
17.071685,-4966,-7028,-13074
17.087188,-4934,-6987,-13124
17.102813,-4891,-6943,-13172
17.118438,-4821,-6880,-13092
17.134063,-4809,-6800,-13092
17.149688,-4768,-6743,-13135
17.165313,-4752,-6684,-13054
17.180938,-4718,-6618,-13126
17.196563,-4637,-6555,-13247
17.212188,-4605,-6500,-13135
17.227813,-4600,-6448,-13108
17.243438,-4509,-6380,-13220
17.259063,-4486,-6300,-13113
17.274688,-4532,-6235,-13031
17.290313,-4437,-6169,-13145
17.305938,-4405,-6109,-13078
17.321563,-4454,-6073,-13033
17.337188,-4416,-6037,-13170
17.352813,-4389,-5996,-13176
17.368438,-4398,-5919,-13169
17.384063,-4375,-5827,-13183
17.399688,-4371,-5769,-13154
17.415313,-4321,-5725,-13144
17.430938,-4239,-5675,-13124
17.446563,-4246,-5657,-13140
17.462188,-4214,-5634,-13133
17.477813,-4166,-5584,-13095
17.493438,-4171,-5566,-13129
17.509063,-4163,-5516,-13119
17.524688,-4168,-5455,-13056
17.540313,-4138,-5437,-13113
17.555938,-4118,-5398,-13115
17.571563,-4125,-5382,-13119
17.587188,-4082,-5384,-13190
17.602813,-4071,-5348,-13170
17.618438,-4050,-5303,-13138
17.634063,-4032,-5252,-13113
17.649688,-4041,-5203,-13133
17.665313,-4032,-5177,-13126
17.680938,-4018,-5171,-13153
17.696563,-4011,-5150,-13183
17.712188,-3996,-5111,-13160
17.727813,-3934,-5095,-13192
17.743438,-3884,-5059,-13144
17.759063,-3855,-5009,-13113
17.774688,-3813,-4978,-13111
17.790313,-3788,-4978,-13104
17.805938,-3764,-4978,-13174
17.821563,-3745,-4945,-13147
17.837188,-3723,-4937,-13179
17.852813,-3673,-4916,-13203
17.868438,-3611,-4857,-13090
17.884063,-3580,-4866,-13160
17.899688,-3602,-4743,-13053
17.915313,-3564,-4591,-12842
17.930938,-3530,-4637,-13090
17.946563,-3593,-4598,-13208
17.962188,-3577,-4525,-13186
17.977813,-3538,-4552,-13419
17.993438,-3522,-4471,-13331
18.009063,-3480,-4211,-13026
18.024688,-3527,-3816,-12803
18.040313,-3684,-3463,-12622
18.055938,-3839,-3286,-12867
18.071563,-3889,-3195,-13386
18.087188,-3854,-3166,-13801
18.102813,-3813,-3025,-13929
18.118438,-3734,-2586,-13617
18.134063,-3688,-1997,-13153
18.149688,-3552,-1452,-12926
18.165313,-3588,-1186,-12961
18.180938,-3773,-1115,-13040
18.196563,-3173,-899,-12986
18.212188,-2700,-590,-12729
18.227813,-2907,-222,-12701
18.243438,-3114,162,-13083
18.259063,-3382,392,-13510
18.274688,-3513,594,-13802
18.290313,-3380,794,-13774
18.305938,-3027,917,-13570
18.321563,-2604,1090,-13210
18.337188,-2313,1283,-12703
18.352813,-2181,1383,-12678
18.368438,-2020,1208,-13045
18.384063,-1618,733,-13426
18.399688,-1129,364,-13842
18.415313,-856,266,-13713
18.430938,-702,248,-13142
18.446563,-204,189,-12958
18.462188,249,144,-12863
18.477813,203,203,-12706
18.493438,105,228,-13040
18.509063,-58,169,-13295
18.524688,-175,57,-13249
18.540313,-124,-17,-13544
18.555938,-152,33,-13478
18.571563,-58,42,-13145
18.587188,201,-18,-13210
18.602813,376,-102,-12999
18.618438,482,-181,-12926
18.634063,410,-165,-13188
18.649688,210,-118,-13040
18.665313,326,-58,-13006
18.680938,469,-34,-13197
18.696563,298,-127,-13204
18.712188,266,-259,-13435
18.727813,376,-363,-13660
18.743438,294,-383,-13510
18.759063,257,-263,-13360
18.774688,337,-67,-13110
18.790313,255,62,-12804
18.805938,257,73,-12810
18.821563,335,-4,-12974
18.837188,223,-120,-13197
18.852813,239,-236,-13461
18.868438,260,-283,-13519
18.884063,144,-211,-13399
18.899688,207,-106,-13311
18.915313,249,-50,-13113
18.930938,198,-40,-13022
18.946563,292,-81,-13179
18.962188,308,-165,-13174
18.977813,251,-227,-13203
18.993438,367,-218,-13294
19.009063,346,-154,-13117
19.024688,228,-79,-13026
19.040313,301,-38,-13149
19.055938,255,-72,-13176
19.071563,160,-158,-13283
19.087310,260,-224,-13499
19.102935,257,-243,-13433
19.118560,214,-188,-13261
19.134185,305,-90,-13142
19.149810,267,-20,-12922
19.165435,235,-13,-12892
19.181060,333,-74,-13081
19.196685,283,-177,-13242
19.212310,239,-242,-13390
19.227935,292,-245,-13463
19.243560,242,-217,-13390
19.259185,207,-140,-13247
19.274810,228,-42,-13110
19.290435,235,-24,-13047
19.306060,248,-77,-13088
19.321685,246,-138,-13154
19.337310,267,-206,-13245
19.352935,323,-222,-13276
19.368560,292,-174,-13231
19.384185,251,-125,-13188
19.399810,276,-58,-13108
19.415435,257,-42,-13088
19.431060,237,-156,-13245
19.446685,224,-259,-13424
19.462310,216,-270,-13453
19.477935,223,-218,-13370
19.493560,223,-106,-13149
19.509185,239,14,-12917
19.524810,246,32,-12890
19.540435,292,-77,-13036
19.556060,323,-174,-13256
19.571685,210,-227,-13129
19.587310,241,-56,-13013
19.602935,378,-120,-13267
19.618560,216,-936,-13235
19.634185,76,-367,-13142
19.649810,287,883,-13038
19.665435,451,280,-12990
19.681060,242,-142,-13386
19.696685,-11,-93,-13758
19.712310,-4,-531,-13924
19.727935,24,62,-13786
19.743560,298,-663,-13399
19.759185,367,-779,-12590
19.774810,-240,2462,-11869
19.790435,-95,1358,-12617
19.806060,467,-1024,-13570
19.821685,201,241,-13749
19.837310,-359,828,-14290
19.852935,-513,969,-14322
19.868560,-84,1149,-13367
19.884185,-229,1401,-13342
19.899810,160,1424,-12995
19.915435,662,1987,-11681
19.931060,-2023,3808,-13304
19.946685,-3295,7618,-15763
19.962310,-179,9372,-15474
19.977935,1219,5838,-14638
19.993560,655,5790,-14802
20.009185,1198,8472,-15459
20.024810,1474,6374,-13240
20.040435,2189,3454,-10292
20.056060,3460,3313,-10269
20.071685,3581,5395,-11238
20.087188,3226,8916,-12978
20.102813,3501,8254,-12895
20.118438,4726,5170,-11912
20.134063,6470,5792,-12881
20.149688,7711,6608,-12595
20.165313,7968,5667,-11001
20.180938,7643,4854,-10373
20.196563,6986,3685,-9889
20.212188,6458,2481,-8721
20.227813,6524,2026,-7455
20.243438,5722,3022,-8060
20.259063,5206,4378,-9789
20.274688,7481,2894,-9105
20.290313,9138,721,-7755
20.305938,8725,-149,-7519
20.321563,8602,839,-8694
20.337188,8279,2785,-9239
20.352813,7222,1578,-6039
20.368438,7666,1915,-6587
20.384063,9263,4251,-9844
20.399688,8827,3065,-8389
20.415313,7909,2039,-7228
20.430938,8288,2980,-8119
20.446563,8602,3574,-8496
20.462188,8763,3285,-8380
20.477813,9022,2915,-8276
20.493438,9373,3113,-8348
20.509063,9107,3538,-8160
20.524688,8220,3476,-7742
20.540313,8359,3081,-7594
20.555938,9047,3006,-7846
20.571563,9179,3288,-8198
20.587188,9132,3801,-8487
20.602813,9148,4035,-8755
20.618438,9261,3879,-8774
20.634063,9241,3081,-7987
20.649688,9281,1812,-6948
20.665313,9561,1581,-6785
20.680938,10093,2403,-7476
20.696563,10704,3319,-8373
20.712188,10777,3879,-8914
20.727813,10338,4012,-8999
20.743438,9797,3920,-8810
20.759063,9936,3717,-8496
20.774688,8672,3617,-8039
20.790313,7566,3269,-7848
20.805938,10066,3174,-8398
20.821563,10488,3304,-8189
20.837188,8566,3365,-7573
20.852813,9432,3662,-8433
20.868438,10280,2819,-8489
20.884063,9204,2647,-7637
20.899688,9606,3676,-8105
20.915313,10530,3499,-8233
20.930938,9781,3133,-7801
20.946563,9631,3333,-8144
20.962188,10209,3890,-8396
20.977813,9754,4349,-8242
20.993438,9207,4113,-8275
21.009063,9500,3799,-8083
21.024688,9434,3738,-7625
21.040313,9198,3554,-7696
21.055938,9463,3238,-8060
21.071563,9336,3279,-8069
21.087188,9181,3724,-8282
21.102813,9564,4301,-8851
21.118438,9602,4660,-8924
21.134063,9248,4235,-8546
21.149688,9134,3483,-8148
21.165313,8995,3283,-7928
21.180938,9147,3724,-8267
21.196563,9822,4240,-8642
21.212188,9939,4444,-8639
21.227813,9548,4642,-8699
21.243438,9466,4665,-8721
21.259063,9286,4358,-8355
21.274688,8754,4395,-7973
21.290313,8652,4342,-7892
21.305938,8961,4142,-7984
21.321563,9072,4578,-8257
21.337188,9191,5099,-8551
21.352813,9273,5436,-8774
21.368438,9182,5585,-8983
21.384063,9304,5444,-8883
21.399688,9581,5442,-8587
21.415313,9766,5258,-8237
21.430938,9481,5283,-7576
21.446563,8622,5913,-7578
21.462188,7959,5881,-8219
21.477813,7516,5854,-8073
21.493438,7768,6033,-7810
21.509063,8352,5815,-7814
21.524688,7888,5997,-7650
21.540313,7627,6281,-7809
21.555938,8350,6452,-8071
21.571563,8656,6677,-8028
21.587188,8429,6720,-7846
21.602813,8052,6609,-7478
21.618438,7129,6665,-7051
21.634063,6479,6872,-7039
21.649688,7154,7156,-7551
21.665313,8093,7638,-7885
21.680938,7958,7631,-7648
21.696563,7784,7708,-7444
21.712188,7565,8599,-7517
21.727813,6786,8895,-7760
21.743438,6947,8582,-7619
21.759063,7049,8525,-6905
21.774688,6451,8541,-6796
21.790313,6136,8497,-6841
21.805938,5940,8554,-6653
21.821563,6276,8972,-7184
; 21 stopping logging: shutdown: switched off
